Store ID,Product ID,total_days,naive7_rmse,naive7_mape,naive7_smape,naive7_wape,status,prophet_rmse,prophet_mape,prophet_smape,prophet_wape
S001,P0001,731,132.02137272859596,568.7715771490618,77.45993578736422,79.46725860155382,ok,9.518901360842953,24.887727252918204,17.487153155582803,5.9060612120763025
S001,P0002,731,137.83608277329168,724.6763286078233,107.92904719500618,111.75858480749218,ok,9.297015051283877,31.665464919401604,21.37483904887677,8.117558934768246
S001,P0003,731,182.00657366464227,206.93508486771952,108.15062511042339,110.91145833333333,ok,9.375136163729907,11.73370414397454,11.056196046742638,5.853262279354154
S001,P0004,731,143.76481290138915,182.4898988768138,79.71087080410146,74.50378071833649,ok,9.550854687135011,12.347724367773582,16.46875819575814,5.365931642744264
S001,P0005,731,167.59773268156107,268.4093569002371,93.92165595206416,85.00226551880381,ok,8.414719826488765,8.107340441403514,7.61272624913965,4.560478883809409
S001,P0006,731,141.76351031609954,293.1416031683285,93.8322599977167,102.96996287546405,ok,9.613891164005896,19.09699603903346,19.89175242347021,7.616288169650024
S001,P0007,731,168.7788070650036,269.2042345824061,100.39737487531491,92.67382174521698,ok,10.4952431550296,19.170449408420133,15.636662571676021,5.916082946712564
S001,P0008,731,109.05666941025268,248.11391822292518,88.45943646137061,67.97172376291462,ok,9.631261200547572,23.942970163184054,16.080556514594996,6.175661408579959
S001,P0009,731,109.4951075227956,100.5345003756365,64.84123429408926,57.727992758542655,ok,12.199463199712445,10.978855805281098,11.896470003311038,6.5166791484871505
S001,P0010,731,160.06873523583548,240.32579826645667,99.33763616649507,105.52217453505006,ok,9.25823469543592,14.114536316148543,20.11427682313846,6.558677741629067
S001,P0011,731,149.46559565904886,131.83332616900566,79.89257733534352,73.67149758454107,ok,7.00812573064526,8.871522574394614,8.0000871257195,3.4466051628236496
S001,P0012,731,139.92102364242072,232.6151164298953,94.26539178422489,77.28974294983779,ok,9.062480762797243,23.121439661526026,20.210624483615785,5.483319446430778
S001,P0013,731,119.13167984569488,556.365888324565,80.31321139548339,71.97913648217907,ok,7.584011500800603,48.15479066441174,23.106933843742866,5.142998727940528
S001,P0014,731,152.84574390074272,425.1229742300926,96.17727417972942,82.49018249018249,ok,8.275281146970311,35.82315052124429,19.202848520128715,4.438622411005113
S001,P0015,731,146.72715203007635,1758.1232197885488,82.51377192144925,88.88888888888889,ok,10.160618446019997,26.04804859781788,21.067386527014335,7.502331741736031
S001,P0016,731,169.59415842365732,226.95125311048437,90.16434228431955,89.6799628942486,ok,9.25430737051393,13.163024007982441,11.656095726458982,5.341857844008773
S001,P0017,731,125.51422799257234,188.96964335332686,93.86243794795152,86.96832579185521,ok,9.449092348535272,11.704904611870365,20.119786099687552,6.672561399781819
S001,P0018,731,120.18987953591244,173.84161608243025,83.35259570191641,93.89580093312597,ok,10.328619676144692,22.129898365339713,29.409277993772715,9.800433965295563
S001,P0019,731,142.12909122142648,172.75064776386284,89.11860843011966,84.86672398968186,ok,10.576375450996991,21.423566336102713,21.17614094634099,7.380978487548219
S001,P0020,731,146.06639879569448,193.32010716390351,82.82247405101187,80.27475375842405,ok,8.48923777221026,11.391825283925257,14.186142367618624,5.095580164094369
S002,P0001,731,134.16274765054143,820.0054485710132,96.74663968493455,70.7413945278023,ok,8.23602604736295,5.8870396122215,12.89056969000299,4.136329422826156
S002,P0002,731,108.21027809646498,149.86512796329384,84.5503770664866,79.42814704790196,ok,10.450188817674283,24.10435169095472,18.54716866743881,9.410176677757134
S002,P0003,731,137.1710350516568,249.78626273063352,79.96163299158157,79.58960328317374,ok,11.35251919808386,35.07813190262319,26.133760906524806,7.0639543061725725
S002,P0004,731,123.68378459373149,177.71788568406762,72.66583459950758,71.29553546973432,ok,9.20640769752707,10.36814165574702,9.546816904249523,6.077553981322406
S002,P0005,731,128.71077765950406,296.37376123106384,91.72231787349028,78.8928279247341,ok,8.615397679801475,18.05020828876512,16.39839371999842,5.568517993706727
S002,P0006,731,157.20244000287383,141.59905958462116,90.56623552322503,90.95464135021098,ok,9.6622667433969,9.550292315590902,10.20235379737399,6.260296700621781
S002,P0007,731,172.41478226317238,1177.8321325968113,108.44228477124548,78.28534314786751,ok,8.475296032846932,68.20577350421608,34.7746718638888,4.507969869996192
S002,P0008,731,179.4417931889256,254.575349513456,95.75764870162409,110.3346165235416,ok,8.232828612801779,15.9442233729764,14.956826219006885,6.163871245128616
S002,P0009,731,173.38386397157691,183.70957684014147,98.98801035993954,90.58586762075134,ok,8.639265275315982,10.53854569792727,13.236703075105396,4.475565638389593
S002,P0010,731,147.5466028073842,375.34250386930194,84.51096587453942,71.80527383367141,ok,9.5558021887125,23.089770931530836,16.43384844298388,5.0128583012161885
S002,P0011,731,138.11744484831948,271.93858497269036,77.41474673208761,88.24065633546034,ok,7.212121607517977,8.216299945183648,8.641402401438507,4.820055057376814
S002,P0012,731,179.5928927960601,236.46056494559207,95.82554108327305,105.38730343622598,ok,9.30171282138711,13.322745570453993,12.875139629249604,6.445183436855176
S002,P0013,731,174.2103613451278,2672.226830881519,102.64880130819714,99.14463452566096,ok,9.39380014518718,122.80507733785507,25.33970931262956,5.663788783281325
S002,P0014,731,140.81763789688117,186.34616131556345,101.49141977053584,84.51108213820078,ok,8.21717676953276,9.471512312903965,17.251127382113545,4.847925125426085
S002,P0015,731,149.55290511578647,167.60603913669075,82.41181216238019,89.91304347826087,ok,9.194131143432436,14.592857539412707,18.302609179493654,6.434063680137839
S002,P0016,731,131.1017870642066,162.05805532599948,78.62633936147786,65.96629914707718,ok,9.363796015493763,10.902835651288353,9.480059442152893,4.813544629935832
S002,P0017,731,145.82413576438083,404.6517696890154,87.46381946159599,79.0813898143741,ok,10.553249026475184,41.790809770916724,22.091963021176415,6.2433296647788525
S002,P0018,731,166.7584866120548,326.3652114930349,101.26271760270302,92.75673099833213,ok,8.740115388580616,15.80403712553007,11.62258111544631,4.651096294205994
S002,P0019,731,132.69729246887982,289.6665985311745,89.54395135680613,74.28878153515835,ok,9.028064919724809,32.047330188532996,20.79563475026626,5.283614402105494
S002,P0020,731,122.33545800672137,66.25812585848512,75.63131242383939,63.436442725954564,ok,10.362939675127574,7.948503322537234,14.927968860605159,6.16268476998308
S003,P0001,731,124.85334253778367,453.8703594762009,109.31697843784785,102.10084033613444,ok,8.304623396467825,67.62059890240553,20.43320293958551,6.717287578042018
S003,P0002,731,164.19500601419034,163.1639931055544,85.6933704451171,73.30888345558272,ok,7.372470863442422,7.551769182294148,6.492032785312523,3.4149969485788203
S003,P0003,731,130.55130354440303,245.2978257184598,100.05694983478732,90.77371317578505,ok,9.712145580554555,21.73036913584765,24.91167440283401,7.691799205583245
S003,P0004,731,111.15593936962098,131.0869342124778,83.0353922278973,67.59617867286342,ok,9.824805345125059,14.84314095949577,13.827039950116445,6.142614219101207
S003,P0005,731,142.44234422590577,218.26276838561475,100.9123337635584,100.365742151783,ok,9.562668975948661,14.120124694558061,13.252158938492922,7.019448754815145
S003,P0006,731,109.57091637056666,127.68799546999128,82.92607233132301,71.52204836415362,ok,8.45589947254912,20.065242761108294,15.409973039304543,5.443554993539788
S003,P0007,731,137.90861363339752,138.4961982521844,84.15331100887457,89.30450029222676,ok,8.838900633773418,10.210283532664043,9.645963717748572,5.849206686936767
S003,P0008,731,169.74581837895997,373.384037729441,93.22501301717921,91.24162802679031,ok,8.29971923208488,12.303009068392248,15.533126260852818,5.0397804551357845
S003,P0009,731,155.22759787762337,446.64464949657497,109.17297596887478,94.64055655758825,ok,9.748845823555776,25.360288969019646,19.15846014484121,5.936404733227324
S003,P0010,731,146.58785761446956,573.7041797799191,91.1381232593313,76.72672672672672,ok,8.973138632386636,50.32828786864001,25.1479796823391,5.4292675853641645
S003,P0011,731,136.1056574871155,360.996253917957,94.56462775019617,68.24784384929642,ok,12.068035474005095,20.989852886751176,19.40338175185701,6.442236593151776
S003,P0012,731,130.5590999181159,233.8001516700563,96.80280371267006,87.4538745387454,ok,9.55254485926332,25.36818477583363,19.19587767544994,7.492737165706796
S003,P0013,731,141.20527104690026,138.14470549833717,85.09061004481312,82.86501377410468,ok,11.554018027510429,12.218190912236727,10.78484680219859,7.2031302236617885
S003,P0014,731,167.8386767958191,148.41884139217467,89.45181235410654,82.40611961057024,ok,9.0527239965133,10.98415495655891,17.010487801258254,5.166874001708456
S003,P0015,731,135.1799065795547,299.2384688987772,89.85307174351685,81.81580324437468,ok,9.97845548538014,17.352278707515676,12.137749367974985,6.402327888076067
S003,P0016,731,167.38791559044603,387.2729811221501,102.67289970797276,106.34648370497428,ok,8.456416366326954,46.81673660366732,27.02802585961309,5.669177528922313
S003,P0017,731,140.49466182029835,229.7636417424659,105.64312363320352,90.45925925925926,ok,7.971024847140652,30.373261367446087,27.33790960861708,5.92071230572009
S003,P0018,731,170.34775355976123,1073.994925941712,104.56564859103756,99.84984984984985,ok,7.919997802393118,27.098940813676485,26.824027074741803,4.672087011244988
S003,P0019,731,152.6553073336884,372.1854575401782,81.46633018341535,76.48887825878975,ok,9.196665904320454,38.1026318321223,18.43546369903112,5.323399046906467
S003,P0020,731,126.27068430275379,920.4736353971571,80.34576957684291,73.47347347347348,ok,8.558007562754721,42.69387570548226,18.315381751744244,5.425869610130258
S004,P0001,731,180.50217648074417,375.56376576971957,101.08675777708109,105.8411214953271,ok,8.43156367663013,21.870158287110325,16.06469662093659,4.939735616805413
S004,P0002,731,138.85938416768445,895.4122585305793,89.89559596774605,71.32834424695977,ok,8.961533569622404,57.77443519363331,18.813525513001487,5.3930604885116615
S004,P0003,731,169.45954005096826,319.89207523165237,100.7613523764478,103.84615384615385,ok,10.409618219888152,20.732041067759162,23.28514349632811,7.259452908598603
S004,P0004,731,90.67347225858603,567.6478841339074,109.32110887183555,70.49293347121683,ok,9.814390831101433,102.73640971561517,50.7907170961604,8.333004126091312
S004,P0005,731,139.12597066790124,239.83272359926963,91.56123470414657,84.78439989014007,ok,8.998597540687513,16.626354713098184,13.485756137969165,5.611007208976044
S004,P0006,731,105.96461673596522,117.68135574571671,74.13279195215276,64.81962481962482,ok,8.958439757421077,14.731978357905737,13.873042181820534,6.158444255301862
S004,P0007,731,163.90611424139823,326.4939921006309,102.90951068148739,98.96676905892208,ok,9.594134545163522,25.4757524534656,19.749893639421458,6.606155586288806
S004,P0008,731,182.82944823757782,144.61771920387753,90.80755413696117,88.90484003281378,ok,9.934540413050643,8.161663950619824,7.955077586194394,4.916934666164825
S004,P0009,731,170.6032364456029,241.3802779006835,91.14829611041213,82.37288135593221,ok,10.199956486540023,20.087077829321714,17.489330717172493,5.406937427986333
S004,P0010,731,153.66696363983286,279.43985097900463,94.17879547565128,89.56910141881241,ok,9.118976723690752,17.70056090539604,21.424144094862587,5.521642171762239
S004,P0011,731,151.6107563089487,250.00986113577787,96.72252480152709,87.70176787086857,ok,7.888615768430804,9.570238796917026,8.763881159504606,4.903882984584845
S004,P0012,731,128.4074152286942,213.47688861809425,86.15601257982608,87.27215587680705,ok,9.634652316136714,19.345638977074234,18.537832942975566,7.235668064655753
S004,P0013,731,181.77694337527282,579.2154015680908,116.67973200842235,126.17150143449156,ok,8.431686250622974,59.4653882676799,27.671116125482826,6.597044358803987
S004,P0014,731,136.8632007308236,186.10587729623347,99.46708061486689,94.03723094822571,ok,9.464868050639623,14.759563298503547,17.953062047943817,6.834395308631845
S004,P0015,731,100.4157429319299,142.21781036426472,69.19590683122934,63.77434135166094,ok,9.128019545867122,12.651252255836345,14.400575175450946,6.400232093206165
S004,P0016,731,145.3909753536502,503.51960104281915,90.79035604840831,83.99785924538399,ok,10.082976169515446,26.3091594004847,26.305562284065275,6.830465153091664
S004,P0017,731,156.47615062457828,1046.9168946706532,90.69103035505245,87.86039453717754,ok,9.770367419062993,33.109020896480004,22.021648039638936,6.195673767869433
S004,P0018,731,138.38481543455967,491.5127471807586,122.13094988099193,115.90130226182316,ok,8.222197989588718,17.97566445373864,19.7557152531493,6.580035630095378
S004,P0019,731,131.19505652707673,186.62160419391063,94.56349413612418,102.51617541337168,ok,9.452784645687068,16.927045931882002,26.550650050125302,8.536076666360078
S004,P0020,731,145.8758033396903,199.94867837994042,92.24312746551938,72.98759864712514,ok,9.652283603420857,12.817584616215225,21.62048529239937,5.323747001955352
S005,P0001,731,141.71298962540953,254.51330646895295,111.64025475704204,112.75690999291284,ok,9.256955067796373,25.81739797047283,22.04938751385606,7.9875584223417935
S005,P0002,731,203.63517798819956,241.0748930475553,105.91409370160105,93.22294955718137,ok,9.076360613672229,12.72902220486273,10.18698089100379,4.390319671530435
S005,P0003,731,182.9938523557554,253.45356047216507,99.27988731687107,99.04007679385649,ok,7.822920901656799,10.41218920612241,8.995926610920742,4.4917170187946445
S005,P0004,731,155.9983974276659,126.97334376429919,80.6948246689917,79.93959224767178,ok,9.312087151794149,13.938575873196077,17.04728862634382,5.7055566797183594
S005,P0005,731,142.700360395981,156.66310800667432,84.08345479354476,74.49127906976744,ok,8.220264371575224,11.643725067105759,10.085982211144227,4.630936812644025
S005,P0006,731,158.2168493826477,116.79688516724835,77.42894730214009,72.18110579016108,ok,9.34254005573554,12.172168451197479,12.046419989632238,5.000463937352037
S005,P0007,731,143.38272958364666,372.29665511797873,97.79618406115205,87.27810650887574,ok,8.16602868409477,11.155212496427716,11.706244599194042,5.216801752792467
S005,P0008,731,183.4270972348415,501.4881022587007,103.71644251408611,99.9530516431925,ok,9.85541309741919,27.85254569823697,21.611205022891625,5.884577368162165
S005,P0009,731,132.25610976975156,184.1689141529494,93.89489896397995,81.66666666666667,ok,8.14351704904419,22.81096092390235,18.088711394170907,5.614603414760875
S005,P0010,731,186.40863330712065,1333.9961129680814,104.91780352561658,104.63592844545227,ok,9.170286341899363,54.74901291953256,21.51836044588346,5.4996700103269385
S005,P0011,731,141.1084942264538,441.84394137531893,108.00705857818573,113.3916083916084,ok,9.280261846930822,29.476919375276633,36.95199726156146,8.124710428025715
S005,P0012,731,196.83531913034017,1109.0321370668646,110.65461872800581,119.95679179044019,ok,9.893382660952698,34.41558573751809,23.813595604579703,6.328915771907706
S005,P0013,731,174.14474685485882,389.4201595241809,81.37463598242664,76.00725221595488,ok,8.16072234283431,9.781195593510029,12.871052187554492,3.845184995775113
S005,P0014,731,159.13864126244493,244.56771888377838,102.28333689924098,91.81384248210024,ok,8.11493651835269,11.907368009338338,11.15960350958681,4.456592655443412
S005,P0015,731,140.4637726553414,179.45607027585905,101.77460635348032,93.52876106194691,ok,7.601426406376194,14.890845434427796,12.215013046385389,4.931417661269164
S005,P0016,731,125.72333571321253,238.6013116781463,75.57299770344301,71.36409227683049,ok,8.718773470990584,14.858325212938043,11.791578475236804,4.958195714526361
S005,P0017,731,144.62809448473595,571.4074643524368,101.65016442080197,90.94412331406551,ok,9.745925461843171,28.52503446068842,15.714354425418797,6.0935014962200125
S005,P0018,731,134.13918677467606,165.58719576994926,91.60953732567376,94.07045692361353,ok,8.394262080360356,28.445963105922704,28.740078233584043,6.459371240854416
S005,P0019,731,154.81671190706217,245.22802555383842,95.02540253539482,90.7126318497556,ok,9.21192621243943,11.339689368461698,14.824095121443381,5.635389853038963
S005,P0020,731,157.02433842287908,861.0280564367312,105.91860701844166,92.25789047747504,ok,9.852950190461536,40.54135354684912,28.710024963844106,6.558882400075548
