,date,y_true,y_pred,lo,hi
2023-09-18,2023-09-18,262,297.17090803150484,216.53057318495337,377.8112428780563
2023-09-19,2023-09-19,72,46.455421120227854,-34.1849137263236,127.09575596677931
2023-09-20,2023-09-20,104,70.57897592380166,-10.06135892274979,151.2193107703531
2023-09-21,2023-09-21,309,296.8031362570091,216.16280141045763,377.44347110356057
2023-09-22,2023-09-22,234,275.97173927178903,195.33140442523757,356.6120741183405
2023-09-23,2023-09-23,283,260.80073892146635,180.16040407491488,341.4410737680178
2023-09-24,2023-09-24,28,0.0,-138.437493367812,22.84317632529089
2023-09-25,2023-09-25,41,27.259125492583564,-53.38120935396789,107.89946033913502
2023-09-26,2023-09-26,111,138.3948710952808,57.75453624872934,219.03520594183226
2023-09-27,2023-09-27,351,390.47309965668717,309.8327648101357,471.11343450323864
2023-09-28,2023-09-28,217,255.7429394609798,175.10260461442834,336.3832743075313
2023-09-29,2023-09-29,279,307.6398675752292,226.9995327286777,388.28020242178064
2023-09-30,2023-09-30,64,101.81018924726854,21.169854400717085,182.45052409381998
2023-10-01,2023-10-01,20,50.47162855916552,-30.168706287385938,131.11196340571698
2023-10-02,2023-10-02,38,11.66052759813153,-68.97980724841992,92.30086244468299
2023-10-03,2023-10-03,204,143.58325784753785,62.9429230009864,224.2235926940893
2023-10-04,2023-10-04,87,112.94213987698576,32.30180503043431,193.58247472353722
2023-10-05,2023-10-05,72,0.0,-100.24369881663688,61.036970876466036
2023-10-06,2023-10-06,415,398.88731792184194,318.2469830752905,479.5276527683934
2023-10-07,2023-10-07,16,0.0,-145.8499007569312,15.430768936171717
2023-10-08,2023-10-08,24,0.0,-101.8761683330231,59.404501360079806
2023-10-09,2023-10-09,110,159.3975465476038,78.75721170105236,240.03788139415525
2023-10-10,2023-10-10,32,0.0,-120.99654040276562,40.28412929033729
2023-10-11,2023-10-11,17,49.193683386336104,-31.44665146021535,129.83401823288756
2023-10-12,2023-10-12,77,114.54488160355545,33.904546757004,195.1852164501069
2023-10-13,2023-10-13,221,207.9612487635691,127.32091391701765,288.60158361012054
2023-10-14,2023-10-14,18,45.725516250877966,-34.91481859567349,126.36585109742941
2023-10-15,2023-10-15,31,0.0,-144.31770745404742,16.96296223905548
2023-10-16,2023-10-16,109,138.2892129203994,57.64887807384794,218.92954776695086
2023-10-17,2023-10-17,100,135.5712248613754,54.93089001482396,216.21155970792688
2023-10-18,2023-10-18,108,91.25113180841494,10.610796961863485,171.8914666549664
2023-10-19,2023-10-19,201,226.87884923353536,146.23851438698392,307.5191840800868
2023-10-20,2023-10-20,377,288.04467595968555,207.40434111313408,368.685010806237
2023-10-21,2023-10-21,56,37.05554305930127,-43.58479178725018,117.69587790585273
2023-10-22,2023-10-22,152,176.68477421162711,96.04443936507566,257.32510905817855
2023-10-23,2023-10-23,381,360.53466519228834,279.8943303457369,441.1750000388398
2023-10-24,2023-10-24,20,67.77052397994944,-12.869810866602009,148.41085882650088
2023-10-25,2023-10-25,27,19.962230715360178,-60.678104131191276,100.60256556191163
2023-10-26,2023-10-26,177,162.64538625516622,82.00505140861476,243.28572110171768
2023-10-27,2023-10-27,20,0.0,-86.25192463791538,75.02874505518753
2023-10-28,2023-10-28,255,111.36485268318191,30.724517836630454,192.00518752973335
2023-10-29,2023-10-29,218,185.12322131754277,104.48288647099132,265.7635561640942
2023-10-30,2023-10-30,362,400.71959319561324,320.0792583490618,481.3599280421647
2023-10-31,2023-10-31,311,309.239948140195,228.59961329364353,389.88028298674647
2023-11-01,2023-11-01,15,47.21702403431044,-33.42331081224101,127.8573588808619
2023-11-02,2023-11-02,139,174.6595608818535,94.01922603530205,255.29989572840498
2023-11-03,2023-11-03,136,115.31457019983708,34.674235353285624,195.95490504638855
2023-11-04,2023-11-04,180,100.70067855160416,20.060343705052702,181.3410133981556
2023-11-05,2023-11-05,21,53.12156947031725,-27.518765376234207,133.7619043168687
2023-11-06,2023-11-06,49,37.517725324141004,-43.12260952241045,118.15806017069247
2023-11-07,2023-11-07,22,0.0,-87.58093634735303,73.69973334574988
2023-11-08,2023-11-08,324,357.6257324177557,276.98539757120426,438.2660672643072
2023-11-09,2023-11-09,75,117.12729448379415,36.48695963724269,197.76762933034559
2023-11-10,2023-11-10,234,259.16172337028587,178.5213885237344,339.80205821683734
2023-11-11,2023-11-11,59,37.53152596414759,-43.10880888240386,118.17186081069904
2023-11-12,2023-11-12,136,102.62909620908664,21.988761362535186,183.2694310556381
2023-11-13,2023-11-13,24,62.4550951457614,-18.185239700790056,143.09542999231286
2023-11-14,2023-11-14,56,0.0,-87.20872839669377,74.07194129640914
2023-11-15,2023-11-15,55,100.52239687970422,19.882062033152764,181.16273172625569
2023-11-16,2023-11-16,49,28.827181754040296,-51.81315309251116,109.46751660059175
2023-11-17,2023-11-17,416,401.10183460880376,320.4614997622523,481.7421694553552
2023-11-18,2023-11-18,223,261.9090402063788,181.26870535982732,342.54937505293026
2023-11-19,2023-11-19,105,118.8225806321828,38.18224578563135,199.46291547873426
2023-11-20,2023-11-20,365,362.8809735914685,282.240638744917,443.52130843801996
2023-11-21,2023-11-21,21,47.42920013659056,-33.211134709960895,128.069534983142
2023-11-22,2023-11-22,132,172.2320471368324,91.59171229028094,252.87238198338383
2023-11-23,2023-11-23,226,263.2439432562671,182.6036084097156,343.88427810281854
2023-11-24,2023-11-24,16,0.0,-95.39530272325271,65.8853669698502
2023-11-25,2023-11-25,371,422.9405580771817,342.30022323063025,503.5808929237332
2023-11-26,2023-11-26,52,87.24291840383843,6.602583557286977,167.88325325038988
2023-11-27,2023-11-27,187,221.01815617389423,140.37782132734276,301.6584910204457
2023-11-28,2023-11-28,89,57.01796176192892,-23.62237308462253,137.65829660848038
2023-11-29,2023-11-29,110,151.91125231641104,71.27091746985958,232.5515871629625
2023-11-30,2023-11-30,244,241.60044834927862,160.96011350272715,322.2407831958301
2023-12-01,2023-12-01,185,162.06055079695295,81.4202159504015,242.70088564350442
2023-12-02,2023-12-02,200,111.86095939908243,31.22062455253098,192.5012942456339
2023-12-03,2023-12-03,122,155.90965664919082,75.26932180263937,236.5499914957423
2023-12-04,2023-12-04,49,22.668167577910186,-57.97216726864127,103.30850242446164
2023-12-05,2023-12-05,66,107.7618853541153,27.12155050756384,188.40222020066676
2023-12-06,2023-12-06,67,112.99024437938746,32.34990953283601,193.6305792259389
2023-12-07,2023-12-07,2,18.51194662954712,-62.128388217004336,99.15228147609858
2023-12-08,2023-12-08,263,241.65046656421495,161.0101317176635,322.2908014107664
2023-12-09,2023-12-09,174,217.0767960610302,136.43646121447875,297.71713090758163
2023-12-10,2023-12-10,283,241.94621025337642,161.30587540682495,322.5865450999279
2023-12-11,2023-12-11,143,185.10579609820354,104.46546125165209,265.746130944755
2023-12-12,2023-12-12,212,252.27357602289956,171.63324117634812,332.913910869451
2023-12-13,2023-12-13,65,37.672771750717935,-42.96756309583352,118.31310659726938
2023-12-14,2023-12-14,49,36.28094568965113,-44.35938915690032,116.92128053620259
2023-12-15,2023-12-15,162,202.80922557223985,122.1688907256884,283.4495604187913
2023-12-16,2023-12-16,119,102.29820491729075,21.657870070739293,182.9385397638422
2023-12-17,2023-12-17,55,31.816417585463135,-48.82391726108832,112.45675243201458
2023-12-18,2023-12-18,84,122.87388922923182,42.23355438268037,203.51422407578326
2023-12-19,2023-12-19,242,216.03542615455547,135.395091308004,296.67576100110693
2023-12-20,2023-12-20,136,164.54508832444142,83.90475347788997,245.18542317099286
2023-12-21,2023-12-21,174,192.17365952222136,111.5333246756699,272.8139943687728
2023-12-22,2023-12-22,119,95.62227412087145,14.981939274319998,176.26260896742292
2023-12-23,2023-12-23,188,230.8830629822565,150.24272813570502,311.52339782880796
2023-12-24,2023-12-24,342,376.1005870594551,295.46025221290364,456.7409219060066
2023-12-25,2023-12-25,86,18.003345011322573,-62.63698983522888,98.64367985787402
2023-12-26,2023-12-26,46,40.945227376788516,-39.69510746976294,121.58556222333996
2023-12-27,2023-12-27,196,229.78954488012621,149.14921003357478,310.42987972667765
2023-12-28,2023-12-28,67,43.87681392429559,-36.763520922255864,124.51714877084704
2023-12-29,2023-12-29,168,218.27797415781203,137.63763931126056,298.9183090043635
2023-12-30,2023-12-30,30,0.0,-95.02608640904306,66.25458328405985
2023-12-31,2023-12-31,26,13.624964636306999,-67.01537021024446,94.26529948285845
2024-01-01,2024-01-01,40,23.0323460119357,-57.60798883461575,103.67268085848715
